"ID,N,9,0","OBJECTID,N,10,0","LSOA_CODE,C,254","LSOA_NAME,C,254","LA_CODE,C,254","LA_NAME,C,254","MSOA_CODE,C,254","MSOA_NAME,C,254","GOR_NAME,C,254","GOR_CODE,C,254","GLOUCEST_1,N,10,0","CFSL,N,9,0,N,10,0","PRIOL,N,9,,N,10,0","L_GL_OSVI_,N,10,0","RankColL,C,254","RankNumL,N,10,0","L_OSVI_Adj,N,10,0","RankColAdj,C,254","RankNumAdj,N,10,0","PRION,N,9,,N,10,0","CFSN,N,9,0,N,10,0","N_GL_OSV_1,N,10,0","RankColN,C,254","RankNumN,N,10,0","N_OSVI_Adj,N,10,0","RankColA_1,C,254","RankNumA_1,N,10,0"
1,22164,E01022100,Cheltenham 008A,E07000078,Cheltenham,E02004607,Cheltenham 008,South West,E12000009,11,0,0,13,Green,1,7,Green,1,0,0,11,Green,1,3,Green,1
2,22165,E01022101,Cheltenham 008B,E07000078,Cheltenham,E02004607,Cheltenham 008,South West,E12000009,10,0,0,16,Yellow,2,10,Yellow,2,0,0,10,Green,1,2,Green,1
3,22166,E01022102,Cheltenham 008C,E07000078,Cheltenham,E02004607,Cheltenham 008,South West,E12000009,12,0,0,21,Orange,3,15,Orange,3,0,0,12,Green,1,4,Green,1
4,22167,E01022103,Cheltenham 012A,E07000078,Cheltenham,E02004611,Cheltenham 012,South West,E12000009,9,0,0,15,Green,1,9,Yellow,2,0,0,9,Green,1,1,Green,1
5,22168,E01022104,Cheltenham 012B,E07000078,Cheltenham,E02004611,Cheltenham 012,South West,E12000009,13,0,0,20,Orange,3,14,Yellow,2,0,0,13,Yellow,2,5,Green,1
6,22169,E01022105,Cheltenham 012C,E07000078,Cheltenham,E02004611,Cheltenham 012,South West,E12000009,11,1,1,13,Green,1,7,Green,1,1,1,11,Green,1,3,Green,1
7,22170,E01022106,Cheltenham 010A,E07000078,Cheltenham,E02004609,Cheltenham 010,South West,E12000009,9,1,1,14,Green,1,8,Yellow,2,1,1,9,Green,1,1,Green,1
8,22171,E01022107,Cheltenham 010B,E07000078,Cheltenham,E02004609,Cheltenham 010,South West,E12000009,13,1,1,17,Yellow,2,11,Yellow,2,1,1,13,Yellow,2,5,Green,1
9,22172,E01022108,Cheltenham 010C,E07000078,Cheltenham,E02004609,Cheltenham 010,South West,E12000009,12,1,1,14,Green,1,8,Yellow,2,1,1,12,Green,1,4,Green,1
10,22173,E01022109,Cheltenham 012D,E07000078,Cheltenham,E02004611,Cheltenham 012,South West,E12000009,10,1,1,15,Green,1,9,Yellow,2,1,1,10,Green,1,2,Green,1
11,22174,E01022110,Cheltenham 012E,E07000078,Cheltenham,E02004611,Cheltenham 012,South West,E12000009,12,1,1,20,Orange,3,14,Yellow,2,1,1,12,Green,1,4,Green,1
12,22175,E01022111,Cheltenham 012F,E07000078,Cheltenham,E02004611,Cheltenham 012,South West,E12000009,16,1,1,17,Yellow,2,11,Yellow,2,1,1,16,Orange,3,8,Yellow,2
13,22176,E01022112,Cheltenham 012G,E07000078,Cheltenham,E02004611,Cheltenham 012,South West,E12000009,14,1,1,18,Yellow,2,12,Yellow,2,1,1,14,Yellow,2,6,Green,1
14,22177,E01022113,Cheltenham 014A,E07000078,Cheltenham,E02004613,Cheltenham 014,South West,E12000009,12,1,1,15,Green,1,9,Yellow,2,1,1,12,Green,1,4,Green,1
15,22178,E01022114,Cheltenham 014B,E07000078,Cheltenham,E02004613,Cheltenham 014,South West,E12000009,13,1,1,19,Yellow,2,13,Yellow,2,1,1,13,Yellow,2,5,Green,1
16,22179,E01022115,Cheltenham 014C,E07000078,Cheltenham,E02004613,Cheltenham 014,South West,E12000009,13,2,1,17,Yellow,2,11,Yellow,2,1,2,13,Yellow,2,5,Green,1
17,22180,E01022116,Cheltenham 009A,E07000078,Cheltenham,E02004608,Cheltenham 009,South West,E12000009,12,1,0,17,Yellow,2,11,Yellow,2,0,1,12,Green,1,4,Green,1
18,22181,E01022117,Cheltenham 009B,E07000078,Cheltenham,E02004608,Cheltenham 009,South West,E12000009,13,1,1,19,Yellow,2,13,Yellow,2,1,1,13,Yellow,2,5,Green,1
19,22182,E01022118,Cheltenham 014D,E07000078,Cheltenham,E02004613,Cheltenham 014,South West,E12000009,11,0,0,14,Green,1,8,Yellow,2,0,0,11,Green,1,3,Green,1
20,22183,E01022119,Cheltenham 009C,E07000078,Cheltenham,E02004608,Cheltenham 009,South West,E12000009,10,0,0,15,Green,1,9,Yellow,2,0,0,10,Green,1,2,Green,1
21,22184,E01022120,Cheltenham 005A,E07000078,Cheltenham,E02004604,Cheltenham 005,South West,E12000009,23,1,1,32,Red,4,26,Red,4,1,1,23,Red,4,15,Orange,3
22,22185,E01022121,Cheltenham 005B,E07000078,Cheltenham,E02004604,Cheltenham 005,South West,E12000009,23,1,1,32,Red,4,26,Red,4,1,1,23,Red,4,15,Orange,3
23,22186,E01022122,Cheltenham 003A,E07000078,Cheltenham,E02004602,Cheltenham 003,South West,E12000009,25,1,1,35,Red,4,29,Red,4,1,1,25,Red,4,17,Orange,3
24,22187,E01022123,Cheltenham 010D,E07000078,Cheltenham,E02004609,Cheltenham 010,South West,E12000009,12,0,0,18,Yellow,2,12,Yellow,2,0,0,12,Green,1,4,Green,1
25,22188,E01022124,Cheltenham 009D,E07000078,Cheltenham,E02004608,Cheltenham 009,South West,E12000009,16,2,2,25,Orange,3,19,Orange,3,2,2,16,Orange,3,8,Yellow,2
26,22189,E01022125,Cheltenham 009E,E07000078,Cheltenham,E02004608,Cheltenham 009,South West,E12000009,14,1,1,20,Orange,3,14,Yellow,2,1,1,14,Yellow,2,6,Green,1
27,22190,E01022126,Cheltenham 009F,E07000078,Cheltenham,E02004608,Cheltenham 009,South West,E12000009,12,0,0,16,Yellow,2,10,Yellow,2,0,0,12,Green,1,4,Green,1
28,22191,E01022127,Cheltenham 009G,E07000078,Cheltenham,E02004608,Cheltenham 009,South West,E12000009,14,1,0,16,Yellow,2,10,Yellow,2,0,1,14,Yellow,2,6,Green,1
29,22192,E01022128,Cheltenham 015A,E07000078,Cheltenham,E02004614,Cheltenham 015,South West,E12000009,10,1,1,12,Green,1,6,Green,1,1,1,10,Green,1,2,Green,1
30,22193,E01022129,Cheltenham 015B,E07000078,Cheltenham,E02004614,Cheltenham 015,South West,E12000009,14,1,1,14,Green,1,8,Yellow,2,1,1,14,Yellow,2,6,Green,1
31,22194,E01022130,Cheltenham 015C,E07000078,Cheltenham,E02004614,Cheltenham 015,South West,E12000009,9,1,1,10,Green,1,4,Green,1,1,1,9,Green,1,1,Green,1
32,22195,E01022131,Cheltenham 006A,E07000078,Cheltenham,E02004605,Cheltenham 006,South West,E12000009,25,2,2,30,Red,4,24,Red,4,2,2,25,Red,4,17,Orange,3
33,22196,E01022132,Cheltenham 006B,E07000078,Cheltenham,E02004605,Cheltenham 006,South West,E12000009,24,2,2,34,Red,4,28,Red,4,2,2,24,Red,4,16,Orange,3
34,22197,E01022133,Cheltenham 006C,E07000078,Cheltenham,E02004605,Cheltenham 006,South West,E12000009,20,0,0,28,Red,4,22,Orange,3,0,0,20,Red,4,12,Yellow,2
35,22198,E01022134,Cheltenham 006D,E07000078,Cheltenham,E02004605,Cheltenham 006,South West,E12000009,19,2,2,29,Red,4,23,Orange,3,2,2,19,Red,4,11,Yellow,2
36,22199,E01022135,Cheltenham 011A,E07000078,Cheltenham,E02004610,Cheltenham 011,South West,E12000009,11,2,1,19,Yellow,2,13,Yellow,2,1,2,11,Green,1,3,Green,1
37,22200,E01022136,Cheltenham 011B,E07000078,Cheltenham,E02004610,Cheltenham 011,South West,E12000009,12,2,2,14,Green,1,8,Yellow,2,2,2,12,Green,1,4,Green,1
38,22201,E01022137,Cheltenham 011C,E07000078,Cheltenham,E02004610,Cheltenham 011,South West,E12000009,13,1,1,18,Yellow,2,12,Yellow,2,1,1,13,Yellow,2,5,Green,1
39,22202,E01022138,Cheltenham 011D,E07000078,Cheltenham,E02004610,Cheltenham 011,South West,E12000009,11,1,1,13,Green,1,7,Green,1,1,1,11,Green,1,3,Green,1
40,22203,E01022139,Cheltenham 004A,E07000078,Cheltenham,E02004603,Cheltenham 004,South West,E12000009,13,1,1,15,Green,1,9,Yellow,2,1,1,13,Green,1,5,Green,1
41,22204,E01022140,Cheltenham 008D,E07000078,Cheltenham,E02004607,Cheltenham 008,South West,E12000009,16,1,1,16,Yellow,2,10,Yellow,2,1,1,16,Orange,3,8,Yellow,2
42,22205,E01022141,Cheltenham 008E,E07000078,Cheltenham,E02004607,Cheltenham 008,South West,E12000009,8,0,0,12,Green,1,6,Green,1,0,0,8,Green,1,0,Green,1
43,22206,E01022142,Cheltenham 008F,E07000078,Cheltenham,E02004607,Cheltenham 008,South West,E12000009,12,1,1,18,Yellow,2,12,Yellow,2,1,1,12,Green,1,4,Green,1
44,22207,E01022143,Cheltenham 002A,E07000078,Cheltenham,E02004601,Cheltenham 002,South West,E12000009,10,1,1,12,Green,1,6,Green,1,1,1,10,Green,1,2,Green,1
45,22208,E01022144,Cheltenham 002B,E07000078,Cheltenham,E02004601,Cheltenham 002,South West,E12000009,12,2,2,17,Yellow,2,11,Yellow,2,2,2,12,Green,1,4,Green,1
46,22209,E01022145,Cheltenham 002C,E07000078,Cheltenham,E02004601,Cheltenham 002,South West,E12000009,13,2,2,13,Green,1,7,Green,1,2,2,13,Green,1,5,Green,1
47,22210,E01022146,Cheltenham 002D,E07000078,Cheltenham,E02004601,Cheltenham 002,South West,E12000009,12,2,2,16,Yellow,2,10,Yellow,2,2,2,12,Green,1,4,Green,1
48,22211,E01022147,Cheltenham 005C,E07000078,Cheltenham,E02004604,Cheltenham 005,South West,E12000009,22,1,1,33,Red,4,27,Red,4,1,1,22,Red,4,14,Orange,3
49,22212,E01022148,Cheltenham 007A,E07000078,Cheltenham,E02004606,Cheltenham 007,South West,E12000009,15,2,2,23,Orange,3,17,Orange,3,2,2,15,Yellow,2,7,Yellow,2
50,22213,E01022149,Cheltenham 007B,E07000078,Cheltenham,E02004606,Cheltenham 007,South West,E12000009,18,0,0,29,Red,4,23,Orange,3,0,0,18,Orange,3,10,Yellow,2
51,22214,E01022150,Cheltenham 007C,E07000078,Cheltenham,E02004606,Cheltenham 007,South West,E12000009,14,1,1,28,Red,4,22,Orange,3,1,1,14,Yellow,2,6,Green,1
52,22215,E01022151,Cheltenham 004B,E07000078,Cheltenham,E02004603,Cheltenham 004,South West,E12000009,14,0,0,23,Orange,3,17,Orange,3,0,0,14,Yellow,2,6,Green,1
53,22216,E01022152,Cheltenham 004C,E07000078,Cheltenham,E02004603,Cheltenham 004,South West,E12000009,23,1,1,31,Red,4,25,Red,4,1,1,23,Red,4,15,Orange,3
54,22217,E01022153,Cheltenham 004D,E07000078,Cheltenham,E02004603,Cheltenham 004,South West,E12000009,15,1,1,25,Orange,3,19,Orange,3,1,1,15,Orange,3,7,Yellow,2
55,22218,E01022154,Cheltenham 004E,E07000078,Cheltenham,E02004603,Cheltenham 004,South West,E12000009,10,0,0,14,Green,1,8,Yellow,2,0,0,10,Green,1,2,Green,1
56,22219,E01022155,Cheltenham 007D,E07000078,Cheltenham,E02004606,Cheltenham 007,South West,E12000009,11,1,1,21,Orange,3,15,Orange,3,1,1,11,Green,1,3,Green,1
57,22220,E01022156,Cheltenham 007E,E07000078,Cheltenham,E02004606,Cheltenham 007,South West,E12000009,19,0,0,29,Red,4,23,Orange,3,0,0,19,Red,4,11,Yellow,2
58,22221,E01022157,Cheltenham 005D,E07000078,Cheltenham,E02004604,Cheltenham 005,South West,E12000009,16,0,0,25,Orange,3,19,Orange,3,0,0,16,Orange,3,8,Yellow,2
59,22222,E01022158,Cheltenham 007F,E07000078,Cheltenham,E02004606,Cheltenham 007,South West,E12000009,11,2,0,14,Green,1,8,Yellow,2,0,2,11,Green,1,3,Green,1
60,22223,E01022159,Cheltenham 005E,E07000078,Cheltenham,E02004604,Cheltenham 005,South West,E12000009,19,1,1,28,Red,4,22,Orange,3,1,1,19,Red,4,11,Yellow,2
61,22224,E01022160,Cheltenham 003B,E07000078,Cheltenham,E02004602,Cheltenham 003,South West,E12000009,24,2,1,33,Red,4,27,Red,4,1,2,24,Red,4,16,Orange,3
62,22225,E01022161,Cheltenham 003C,E07000078,Cheltenham,E02004602,Cheltenham 003,South West,E12000009,18,1,0,29,Red,4,23,Orange,3,0,1,18,Orange,3,10,Yellow,2
63,22226,E01022162,Cheltenham 003D,E07000078,Cheltenham,E02004602,Cheltenham 003,South West,E12000009,16,2,2,26,Red,4,20,Orange,3,2,2,16,Orange,3,8,Yellow,2
64,22227,E01022163,Cheltenham 001A,E07000078,Cheltenham,E02004600,Cheltenham 001,South West,E12000009,10,1,0,18,Yellow,2,12,Yellow,2,0,1,10,Green,1,2,Green,1
65,22228,E01022164,Cheltenham 001B,E07000078,Cheltenham,E02004600,Cheltenham 001,South West,E12000009,23,1,1,34,Red,4,28,Red,4,1,1,23,Red,4,15,Orange,3
66,22229,E01022165,Cheltenham 001C,E07000078,Cheltenham,E02004600,Cheltenham 001,South West,E12000009,16,1,1,20,Orange,3,14,Yellow,2,1,1,16,Orange,3,8,Yellow,2
67,22230,E01022166,Cheltenham 001D,E07000078,Cheltenham,E02004600,Cheltenham 001,South West,E12000009,9,0,0,15,Green,1,9,Yellow,2,0,0,9,Green,1,1,Green,1
68,22231,E01022167,Cheltenham 013A,E07000078,Cheltenham,E02004612,Cheltenham 013,South West,E12000009,13,1,1,14,Green,1,8,Yellow,2,1,1,13,Green,1,5,Green,1
69,22232,E01022168,Cheltenham 013B,E07000078,Cheltenham,E02004612,Cheltenham 013,South West,E12000009,13,1,1,14,Green,1,8,Yellow,2,1,1,13,Green,1,5,Green,1
70,22233,E01022169,Cheltenham 013C,E07000078,Cheltenham,E02004612,Cheltenham 013,South West,E12000009,10,0,0,19,Yellow,2,13,Yellow,2,0,0,10,Green,1,2,Green,1
71,22234,E01022170,Cheltenham 013D,E07000078,Cheltenham,E02004612,Cheltenham 013,South West,E12000009,12,0,0,16,Yellow,2,10,Yellow,2,0,0,12,Green,1,4,Green,1
72,22235,E01022171,Cheltenham 013E,E07000078,Cheltenham,E02004612,Cheltenham 013,South West,E12000009,8,0,0,12,Green,1,6,Green,1,0,0,8,Green,1,0,Green,1
73,22236,E01022172,Cheltenham 013F,E07000078,Cheltenham,E02004612,Cheltenham 013,South West,E12000009,14,2,2,18,Yellow,2,12,Yellow,2,2,2,14,Yellow,2,6,Green,1
74,22237,E01022173,Cheltenham 013G,E07000078,Cheltenham,E02004612,Cheltenham 013,South West,E12000009,22,3,2,32,Red,4,26,Red,4,2,3,22,Red,4,14,Orange,3
75,22238,E01022174,Cheltenham 011E,E07000078,Cheltenham,E02004610,Cheltenham 011,South West,E12000009,14,2,2,17,Yellow,2,11,Yellow,2,2,2,14,Yellow,2,6,Green,1
76,22239,E01022175,Cotswold 005A,E07000079,Cotswold,E02004619,Cotswold 005,South West,E12000009,13,1,1,9,Green,1,3,Green,1,1,1,13,Green,1,5,Green,1
77,22240,E01022176,Cotswold 011A,E07000079,Cotswold,E02004625,Cotswold 011,South West,E12000009,12,0,0,13,Green,1,7,Green,1,0,0,12,Green,1,4,Green,1
78,22241,E01022177,Cotswold 002A,E07000079,Cotswold,E02004616,Cotswold 002,South West,E12000009,16,2,2,18,Yellow,2,12,Yellow,2,2,2,16,Orange,3,8,Yellow,2
79,22242,E01022178,Cotswold 002B,E07000079,Cotswold,E02004616,Cotswold 002,South West,E12000009,12,1,1,13,Green,1,7,Green,1,1,1,12,Green,1,4,Green,1
80,22243,E01022179,Cotswold 001A,E07000079,Cotswold,E02004615,Cotswold 001,South West,E12000009,15,1,1,18,Yellow,2,12,Yellow,2,1,1,15,Yellow,2,7,Yellow,2
81,22244,E01022180,Cotswold 003A,E07000079,Cotswold,E02004617,Cotswold 003,South West,E12000009,17,2,2,22,Orange,3,16,Orange,3,2,2,17,Orange,3,9,Yellow,2
82,22245,E01022181,Cotswold 003B,E07000079,Cotswold,E02004617,Cotswold 003,South West,E12000009,14,1,1,15,Green,1,9,Yellow,2,1,1,14,Yellow,2,6,Green,1
83,22246,E01022182,Cotswold 001B,E07000079,Cotswold,E02004615,Cotswold 001,South West,E12000009,15,1,1,13,Green,1,7,Green,1,1,1,15,Yellow,2,7,Yellow,2
84,22247,E01022183,Cotswold 001C,E07000079,Cotswold,E02004615,Cotswold 001,South West,E12000009,18,2,2,15,Green,1,9,Yellow,2,2,2,18,Orange,3,10,Yellow,2
85,22248,E01022184,Cotswold 001D,E07000079,Cotswold,E02004615,Cotswold 001,South West,E12000009,14,1,1,11,Green,1,5,Green,1,1,1,14,Yellow,2,6,Green,1
86,22249,E01022185,Cotswold 001E,E07000079,Cotswold,E02004615,Cotswold 001,South West,E12000009,14,2,2,12,Green,1,6,Green,1,2,2,14,Yellow,2,6,Green,1
87,22250,E01022186,Cotswold 004A,E07000079,Cotswold,E02004618,Cotswold 004,South West,E12000009,14,2,1,14,Green,1,8,Yellow,2,1,2,14,Yellow,2,6,Green,1
88,22251,E01022187,Cotswold 004B,E07000079,Cotswold,E02004618,Cotswold 004,South West,E12000009,16,1,1,15,Green,1,9,Yellow,2,1,1,16,Orange,3,8,Yellow,2
89,22252,E01022188,Cotswold 006A,E07000079,Cotswold,E02004620,Cotswold 006,South West,E12000009,19,1,1,26,Red,4,20,Orange,3,1,1,19,Red,4,11,Yellow,2
90,22253,E01022189,Cotswold 006B,E07000079,Cotswold,E02004620,Cotswold 006,South West,E12000009,11,0,0,10,Green,1,4,Green,1,0,0,11,Green,1,3,Green,1
91,22254,E01022190,Cotswold 006C,E07000079,Cotswold,E02004620,Cotswold 006,South West,E12000009,9,0,0,15,Green,1,9,Yellow,2,0,0,9,Green,1,1,Green,1
92,22255,E01022191,Cotswold 008A,E07000079,Cotswold,E02004622,Cotswold 008,South West,E12000009,9,0,0,11,Green,1,5,Green,1,0,0,9,Green,1,1,Green,1
93,22256,E01022192,Cotswold 008B,E07000079,Cotswold,E02004622,Cotswold 008,South West,E12000009,15,1,1,23,Orange,3,17,Orange,3,1,1,15,Yellow,2,7,Yellow,2
94,22257,E01022193,Cotswold 008C,E07000079,Cotswold,E02004622,Cotswold 008,South West,E12000009,8,1,1,10,Green,1,4,Green,1,1,1,8,Green,1,0,Green,1
95,22258,E01022194,Cotswold 007A,E07000079,Cotswold,E02004621,Cotswold 007,South West,E12000009,16,3,3,17,Yellow,2,11,Yellow,2,3,3,16,Orange,3,8,Yellow,2
96,22259,E01022195,Cotswold 007B,E07000079,Cotswold,E02004621,Cotswold 007,South West,E12000009,12,1,1,11,Green,1,5,Green,1,1,1,12,Green,1,4,Green,1
97,22260,E01022196,Cotswold 006D,E07000079,Cotswold,E02004620,Cotswold 006,South West,E12000009,13,1,1,15,Green,1,9,Yellow,2,1,1,13,Green,1,5,Green,1
98,22261,E01022197,Cotswold 006E,E07000079,Cotswold,E02004620,Cotswold 006,South West,E12000009,9,1,1,6,Green,1,0,Green,1,1,1,9,Green,1,1,Green,1
99,22262,E01022198,Cotswold 008D,E07000079,Cotswold,E02004622,Cotswold 008,South West,E12000009,11,0,0,12,Green,1,6,Green,1,0,0,11,Green,1,3,Green,1
100,22263,E01022199,Cotswold 007C,E07000079,Cotswold,E02004621,Cotswold 007,South West,E12000009,12,2,2,16,Yellow,2,10,Yellow,2,2,2,12,Green,1,4,Green,1
101,22264,E01022200,Cotswold 007D,E07000079,Cotswold,E02004621,Cotswold 007,South West,E12000009,18,2,2,22,Orange,3,16,Orange,3,2,2,18,Orange,3,10,Yellow,2
102,22265,E01022201,Cotswold 004C,E07000079,Cotswold,E02004618,Cotswold 004,South West,E12000009,9,1,1,8,Green,1,2,Green,1,1,1,9,Green,1,1,Green,1
103,22266,E01022202,Cotswold 009A,E07000079,Cotswold,E02004623,Cotswold 009,South West,E12000009,13,1,1,12,Green,1,6,Green,1,1,1,13,Green,1,5,Green,1
104,22267,E01022203,Cotswold 009B,E07000079,Cotswold,E02004623,Cotswold 009,South West,E12000009,16,1,1,18,Yellow,2,12,Yellow,2,1,1,16,Orange,3,8,Yellow,2
105,22268,E01022204,Cotswold 009C,E07000079,Cotswold,E02004623,Cotswold 009,South West,E12000009,17,3,2,17,Yellow,2,11,Yellow,2,2,3,17,Orange,3,9,Yellow,2
106,22269,E01022205,Cotswold 002C,E07000079,Cotswold,E02004616,Cotswold 002,South West,E12000009,13,1,1,12,Green,1,6,Green,1,1,1,13,Green,1,5,Green,1
107,22270,E01022206,Cotswold 011B,E07000079,Cotswold,E02004625,Cotswold 011,South West,E12000009,12,1,1,10,Green,1,4,Green,1,1,1,12,Green,1,4,Green,1
108,22271,E01022207,Cotswold 005B,E07000079,Cotswold,E02004619,Cotswold 005,South West,E12000009,11,1,1,13,Green,1,7,Green,1,1,1,11,Green,1,3,Green,1
109,22272,E01022208,Cotswold 009D,E07000079,Cotswold,E02004623,Cotswold 009,South West,E12000009,13,2,1,13,Green,1,7,Green,1,1,2,13,Green,1,5,Green,1
110,22273,E01022209,Cotswold 009E,E07000079,Cotswold,E02004623,Cotswold 009,South West,E12000009,11,1,0,12,Green,1,6,Green,1,0,1,11,Green,1,3,Green,1
111,22274,E01022210,Cotswold 009F,E07000079,Cotswold,E02004623,Cotswold 009,South West,E12000009,20,5,2,21,Orange,3,15,Orange,3,2,5,20,Red,4,12,Yellow,2
112,22275,E01022211,Cotswold 002D,E07000079,Cotswold,E02004616,Cotswold 002,South West,E12000009,16,3,2,16,Yellow,2,10,Yellow,2,2,3,16,Orange,3,8,Yellow,2
113,22276,E01022212,Cotswold 002E,E07000079,Cotswold,E02004616,Cotswold 002,South West,E12000009,16,2,1,13,Green,1,7,Green,1,1,2,16,Orange,3,8,Yellow,2
114,22277,E01022213,Cotswold 005C,E07000079,Cotswold,E02004619,Cotswold 005,South West,E12000009,14,2,2,14,Green,1,8,Yellow,2,2,2,14,Yellow,2,6,Green,1
115,22278,E01022214,Cotswold 003C,E07000079,Cotswold,E02004617,Cotswold 003,South West,E12000009,11,0,0,12,Green,1,6,Green,1,0,0,11,Green,1,3,Green,1
116,22279,E01022215,Cotswold 005D,E07000079,Cotswold,E02004619,Cotswold 005,South West,E12000009,14,1,1,13,Green,1,7,Green,1,1,1,14,Yellow,2,6,Green,1
117,22280,E01022216,Cotswold 004D,E07000079,Cotswold,E02004618,Cotswold 004,South West,E12000009,12,1,1,10,Green,1,4,Green,1,1,1,12,Green,1,4,Green,1
118,22281,E01022217,Cotswold 011C,E07000079,Cotswold,E02004625,Cotswold 011,South West,E12000009,13,1,1,10,Green,1,4,Green,1,1,1,13,Green,1,5,Green,1
119,22282,E01022218,Cotswold 011D,E07000079,Cotswold,E02004625,Cotswold 011,South West,E12000009,17,2,2,21,Orange,3,15,Orange,3,2,2,17,Orange,3,9,Yellow,2
120,22283,E01022219,Cotswold 011E,E07000079,Cotswold,E02004625,Cotswold 011,South West,E12000009,9,1,1,8,Green,1,2,Green,1,1,1,9,Green,1,1,Green,1
121,22284,E01022220,Cotswold 011F,E07000079,Cotswold,E02004625,Cotswold 011,South West,E12000009,13,2,2,15,Green,1,9,Yellow,2,2,2,13,Green,1,5,Green,1
122,22285,E01022221,Cotswold 010A,E07000079,Cotswold,E02004624,Cotswold 010,South West,E12000009,12,1,1,8,Green,1,2,Green,1,1,1,12,Green,1,4,Green,1
123,22286,E01022222,Cotswold 003D,E07000079,Cotswold,E02004617,Cotswold 003,South West,E12000009,15,1,1,12,Green,1,6,Green,1,1,1,15,Yellow,2,7,Yellow,2
124,22287,E01022223,Cotswold 010B,E07000079,Cotswold,E02004624,Cotswold 010,South West,E12000009,11,3,1,8,Green,1,2,Green,1,1,3,11,Green,1,3,Green,1
125,22288,E01022224,Cotswold 010C,E07000079,Cotswold,E02004624,Cotswold 010,South West,E12000009,11,3,1,8,Green,1,2,Green,1,1,3,11,Green,1,3,Green,1
126,22289,E01022225,Cotswold 008E,E07000079,Cotswold,E02004622,Cotswold 008,South West,E12000009,17,2,2,20,Orange,3,14,Yellow,2,2,2,17,Orange,3,9,Yellow,2
127,22290,E01022226,Forest of Dean 009A,E07000080,Forest of Dean,E02004634,Forest of Dean 009,South West,E12000009,19,3,2,28,Red,4,22,Orange,3,2,3,19,Red,4,11,Yellow,2
128,22291,E01022227,Forest of Dean 009B,E07000080,Forest of Dean,E02004634,Forest of Dean 009,South West,E12000009,19,2,2,21,Orange,3,15,Orange,3,2,2,19,Red,4,11,Yellow,2
129,22292,E01022228,Forest of Dean 005A,E07000080,Forest of Dean,E02004630,Forest of Dean 005,South West,E12000009,18,4,2,23,Orange,3,17,Orange,3,2,4,18,Orange,3,10,Yellow,2
130,22293,E01022229,Forest of Dean 007A,E07000080,Forest of Dean,E02004632,Forest of Dean 007,South West,E12000009,19,2,2,27,Red,4,21,Orange,3,2,2,19,Red,4,11,Yellow,2
131,22294,E01022230,Forest of Dean 005B,E07000080,Forest of Dean,E02004630,Forest of Dean 005,South West,E12000009,21,3,2,21,Orange,3,15,Orange,3,2,3,21,Red,4,13,Orange,3
132,22295,E01022231,Forest of Dean 008A,E07000080,Forest of Dean,E02004633,Forest of Dean 008,South West,E12000009,23,2,2,23,Orange,3,17,Orange,3,2,2,23,Red,4,15,Orange,3
133,22296,E01022232,Forest of Dean 008B,E07000080,Forest of Dean,E02004633,Forest of Dean 008,South West,E12000009,18,1,1,22,Orange,3,16,Orange,3,1,1,18,Orange,3,10,Yellow,2
134,22297,E01022233,Forest of Dean 001A,E07000080,Forest of Dean,E02004626,Forest of Dean 001,South West,E12000009,15,1,1,15,Green,1,9,Yellow,2,1,1,15,Yellow,2,7,Yellow,2
135,22298,E01022234,Forest of Dean 006A,E07000080,Forest of Dean,E02004631,Forest of Dean 006,South West,E12000009,18,2,2,20,Orange,3,14,Yellow,2,2,2,18,Orange,3,10,Yellow,2
136,22299,E01022235,Forest of Dean 001B,E07000080,Forest of Dean,E02004626,Forest of Dean 001,South West,E12000009,13,1,1,14,Green,1,8,Yellow,2,1,1,13,Green,1,5,Green,1
137,22300,E01022236,Forest of Dean 004A,E07000080,Forest of Dean,E02004629,Forest of Dean 004,South West,E12000009,17,1,1,21,Orange,3,15,Orange,3,1,1,17,Orange,3,9,Yellow,2
138,22301,E01022237,Forest of Dean 004B,E07000080,Forest of Dean,E02004629,Forest of Dean 004,South West,E12000009,22,1,1,29,Red,4,23,Orange,3,1,1,22,Red,4,14,Orange,3
139,22302,E01022238,Forest of Dean 004C,E07000080,Forest of Dean,E02004629,Forest of Dean 004,South West,E12000009,30,2,2,32,Red,4,26,Red,4,2,2,30,Red,4,22,Red,4
140,22303,E01022239,Forest of Dean 004D,E07000080,Forest of Dean,E02004629,Forest of Dean 004,South West,E12000009,17,2,2,22,Orange,3,16,Orange,3,2,2,17,Orange,3,9,Yellow,2
141,22304,E01022240,Forest of Dean 004E,E07000080,Forest of Dean,E02004629,Forest of Dean 004,South West,E12000009,17,1,1,30,Red,4,24,Red,4,1,1,17,Orange,3,9,Yellow,2
142,22305,E01022241,Forest of Dean 007B,E07000080,Forest of Dean,E02004632,Forest of Dean 007,South West,E12000009,20,2,2,26,Red,4,20,Orange,3,2,2,20,Red,4,12,Yellow,2
143,22306,E01022242,Forest of Dean 007C,E07000080,Forest of Dean,E02004632,Forest of Dean 007,South West,E12000009,26,2,2,27,Red,4,21,Orange,3,2,2,26,Red,4,18,Orange,3
144,22307,E01022243,Forest of Dean 007D,E07000080,Forest of Dean,E02004632,Forest of Dean 007,South West,E12000009,22,2,2,33,Red,4,27,Red,4,2,2,22,Red,4,14,Orange,3
145,22308,E01022244,Forest of Dean 007E,E07000080,Forest of Dean,E02004632,Forest of Dean 007,South West,E12000009,17,2,2,24,Orange,3,18,Orange,3,2,2,17,Orange,3,9,Yellow,2
146,22309,E01022245,Forest of Dean 007F,E07000080,Forest of Dean,E02004632,Forest of Dean 007,South West,E12000009,17,1,1,27,Red,4,21,Orange,3,1,1,17,Orange,3,9,Yellow,2
147,22310,E01022246,Forest of Dean 007G,E07000080,Forest of Dean,E02004632,Forest of Dean 007,South West,E12000009,16,2,2,19,Yellow,2,13,Yellow,2,2,2,16,Orange,3,8,Yellow,2
148,22311,E01022247,Forest of Dean 001C,E07000080,Forest of Dean,E02004626,Forest of Dean 001,South West,E12000009,12,0,0,11,Green,1,5,Green,1,0,0,12,Green,1,4,Green,1
149,22312,E01022248,Forest of Dean 010A,E07000080,Forest of Dean,E02004635,Forest of Dean 010,South West,E12000009,14,1,1,15,Green,1,9,Yellow,2,1,1,14,Yellow,2,6,Green,1
150,22313,E01022249,Forest of Dean 004F,E07000080,Forest of Dean,E02004629,Forest of Dean 004,South West,E12000009,19,2,2,19,Yellow,2,13,Yellow,2,2,2,19,Red,4,11,Yellow,2
151,22314,E01022250,Forest of Dean 004G,E07000080,Forest of Dean,E02004629,Forest of Dean 004,South West,E12000009,22,2,2,27,Red,4,21,Orange,3,2,2,22,Red,4,14,Orange,3
152,22315,E01022251,Forest of Dean 003A,E07000080,Forest of Dean,E02004628,Forest of Dean 003,South West,E12000009,22,2,2,32,Red,4,26,Red,4,2,2,22,Red,4,14,Orange,3
153,22316,E01022252,Forest of Dean 003B,E07000080,Forest of Dean,E02004628,Forest of Dean 003,South West,E12000009,19,2,2,17,Yellow,2,11,Yellow,2,2,2,19,Orange,3,11,Yellow,2
154,22317,E01022253,Forest of Dean 006B,E07000080,Forest of Dean,E02004631,Forest of Dean 006,South West,E12000009,19,2,2,22,Orange,3,16,Orange,3,2,2,19,Red,4,11,Yellow,2
155,22318,E01022254,Forest of Dean 009C,E07000080,Forest of Dean,E02004634,Forest of Dean 009,South West,E12000009,23,2,2,27,Red,4,21,Orange,3,2,2,23,Red,4,15,Orange,3
156,22319,E01022255,Forest of Dean 009D,E07000080,Forest of Dean,E02004634,Forest of Dean 009,South West,E12000009,12,0,0,15,Green,1,9,Yellow,2,0,0,12,Green,1,4,Green,1
157,22320,E01022256,Forest of Dean 009E,E07000080,Forest of Dean,E02004634,Forest of Dean 009,South West,E12000009,22,3,2,29,Red,4,23,Orange,3,2,3,22,Red,4,14,Orange,3
158,22321,E01022257,Forest of Dean 009F,E07000080,Forest of Dean,E02004634,Forest of Dean 009,South West,E12000009,14,2,2,15,Green,1,9,Yellow,2,2,2,14,Yellow,2,6,Green,1
159,22322,E01022258,Forest of Dean 003C,E07000080,Forest of Dean,E02004628,Forest of Dean 003,South West,E12000009,23,2,2,30,Red,4,24,Red,4,2,2,23,Red,4,15,Orange,3
160,22323,E01022259,Forest of Dean 003D,E07000080,Forest of Dean,E02004628,Forest of Dean 003,South West,E12000009,16,2,2,15,Green,1,9,Yellow,2,2,2,16,Orange,3,8,Yellow,2
161,22324,E01022260,Forest of Dean 003E,E07000080,Forest of Dean,E02004628,Forest of Dean 003,South West,E12000009,23,2,2,27,Red,4,21,Orange,3,2,2,23,Red,4,15,Orange,3
162,22325,E01022261,Forest of Dean 002A,E07000080,Forest of Dean,E02004627,Forest of Dean 002,South West,E12000009,16,1,1,24,Orange,3,18,Orange,3,1,1,16,Orange,3,8,Yellow,2
163,22326,E01022262,Forest of Dean 002B,E07000080,Forest of Dean,E02004627,Forest of Dean 002,South West,E12000009,19,2,2,26,Red,4,20,Orange,3,2,2,19,Red,4,11,Yellow,2
164,22327,E01022263,Forest of Dean 006C,E07000080,Forest of Dean,E02004631,Forest of Dean 006,South West,E12000009,13,2,2,15,Green,1,9,Yellow,2,2,2,13,Yellow,2,5,Green,1
165,22328,E01022264,Forest of Dean 008C,E07000080,Forest of Dean,E02004633,Forest of Dean 008,South West,E12000009,17,2,2,18,Yellow,2,12,Yellow,2,2,2,17,Orange,3,9,Yellow,2
166,22329,E01022265,Forest of Dean 005C,E07000080,Forest of Dean,E02004630,Forest of Dean 005,South West,E12000009,23,3,2,26,Red,4,20,Orange,3,2,3,23,Red,4,15,Orange,3
167,22330,E01022266,Forest of Dean 005D,E07000080,Forest of Dean,E02004630,Forest of Dean 005,South West,E12000009,19,4,2,19,Yellow,2,13,Yellow,2,2,4,19,Red,4,11,Yellow,2
168,22331,E01022267,Forest of Dean 002C,E07000080,Forest of Dean,E02004627,Forest of Dean 002,South West,E12000009,17,2,1,17,Yellow,2,11,Yellow,2,1,2,17,Orange,3,9,Yellow,2
169,22332,E01022268,Forest of Dean 008D,E07000080,Forest of Dean,E02004633,Forest of Dean 008,South West,E12000009,15,2,2,19,Yellow,2,13,Yellow,2,2,2,15,Yellow,2,7,Yellow,2
170,22333,E01022269,Forest of Dean 008E,E07000080,Forest of Dean,E02004633,Forest of Dean 008,South West,E12000009,14,1,1,16,Yellow,2,10,Yellow,2,1,1,14,Yellow,2,6,Green,1
171,22334,E01022270,Forest of Dean 001D,E07000080,Forest of Dean,E02004626,Forest of Dean 001,South West,E12000009,16,1,1,21,Orange,3,15,Orange,3,1,1,16,Orange,3,8,Yellow,2
172,22335,E01022271,Forest of Dean 001E,E07000080,Forest of Dean,E02004626,Forest of Dean 001,South West,E12000009,16,2,1,16,Yellow,2,10,Yellow,2,1,2,16,Orange,3,8,Yellow,2
173,22336,E01022272,Forest of Dean 010B,E07000080,Forest of Dean,E02004635,Forest of Dean 010,South West,E12000009,19,2,2,27,Red,4,21,Orange,3,2,2,19,Red,4,11,Yellow,2
174,22337,E01022273,Forest of Dean 010C,E07000080,Forest of Dean,E02004635,Forest of Dean 010,South West,E12000009,14,2,0,18,Yellow,2,12,Yellow,2,0,2,14,Yellow,2,6,Green,1
175,22338,E01022274,Forest of Dean 010D,E07000080,Forest of Dean,E02004635,Forest of Dean 010,South West,E12000009,14,2,1,16,Yellow,2,10,Yellow,2,1,2,14,Yellow,2,6,Green,1
176,22339,E01022275,Forest of Dean 010E,E07000080,Forest of Dean,E02004635,Forest of Dean 010,South West,E12000009,15,1,1,17,Yellow,2,11,Yellow,2,1,1,15,Yellow,2,7,Yellow,2
177,22340,E01022276,Gloucester 010A,E07000081,Gloucester,E02004645,Gloucester 010,South West,E12000009,12,1,1,19,Yellow,2,13,Yellow,2,1,1,12,Green,1,4,Green,1
178,22341,E01022277,Gloucester 010B,E07000081,Gloucester,E02004645,Gloucester 010,South West,E12000009,17,2,2,24,Orange,3,18,Orange,3,2,2,17,Orange,3,9,Yellow,2
179,22342,E01022278,Gloucester 007A,E07000081,Gloucester,E02004642,Gloucester 007,South West,E12000009,11,0,0,21,Orange,3,15,Orange,3,0,0,11,Green,1,3,Green,1
180,22343,E01022279,Gloucester 007B,E07000081,Gloucester,E02004642,Gloucester 007,South West,E12000009,11,0,0,20,Orange,3,14,Yellow,2,0,0,11,Green,1,3,Green,1
181,22344,E01022280,Gloucester 010C,E07000081,Gloucester,E02004645,Gloucester 010,South West,E12000009,12,0,0,22,Orange,3,16,Orange,3,0,0,12,Green,1,4,Green,1
182,22345,E01022281,Gloucester 010D,E07000081,Gloucester,E02004645,Gloucester 010,South West,E12000009,9,0,0,14,Green,1,8,Yellow,2,0,0,9,Green,1,1,Green,1
183,22346,E01022282,Gloucester 007C,E07000081,Gloucester,E02004642,Gloucester 007,South West,E12000009,14,0,0,22,Orange,3,16,Orange,3,0,0,14,Yellow,2,6,Green,1
184,22347,E01022283,Gloucester 006A,E07000081,Gloucester,E02004641,Gloucester 006,South West,E12000009,11,1,1,15,Green,1,9,Yellow,2,1,1,11,Green,1,3,Green,1
185,22348,E01022284,Gloucester 007D,E07000081,Gloucester,E02004642,Gloucester 007,South West,E12000009,23,1,1,35,Red,4,29,Red,4,1,1,23,Red,4,15,Orange,3
186,22349,E01022285,Gloucester 007E,E07000081,Gloucester,E02004642,Gloucester 007,South West,E12000009,28,1,1,35,Red,4,29,Red,4,1,1,28,Red,4,20,Red,4
187,22350,E01022286,Gloucester 007F,E07000081,Gloucester,E02004642,Gloucester 007,South West,E12000009,25,1,1,34,Red,4,28,Red,4,1,1,25,Red,4,17,Orange,3
188,22351,E01022287,Gloucester 007G,E07000081,Gloucester,E02004642,Gloucester 007,South West,E12000009,21,2,2,23,Orange,3,17,Orange,3,2,2,21,Red,4,13,Orange,3
189,22352,E01022288,Gloucester 005A,E07000081,Gloucester,E02004640,Gloucester 005,South West,E12000009,29,1,1,33,Red,4,27,Red,4,1,1,29,Red,4,21,Red,4
190,22353,E01022289,Gloucester 005B,E07000081,Gloucester,E02004640,Gloucester 005,South West,E12000009,32,1,1,37,Red,4,31,Red,4,1,1,32,Red,4,24,Red,4
191,22354,E01022290,Gloucester 005C,E07000081,Gloucester,E02004640,Gloucester 005,South West,E12000009,29,1,1,33,Red,4,27,Red,4,1,1,29,Red,4,21,Red,4
192,22355,E01022291,Gloucester 005D,E07000081,Gloucester,E02004640,Gloucester 005,South West,E12000009,29,1,1,35,Red,4,29,Red,4,1,1,29,Red,4,21,Red,4
193,22356,E01022292,Gloucester 005E,E07000081,Gloucester,E02004640,Gloucester 005,South West,E12000009,29,1,1,33,Red,4,27,Red,4,1,1,29,Red,4,21,Red,4
194,22357,E01022293,Gloucester 008A,E07000081,Gloucester,E02004643,Gloucester 008,South West,E12000009,27,1,1,35,Red,4,29,Red,4,1,1,27,Red,4,19,Red,4
195,22358,E01022294,Gloucester 008B,E07000081,Gloucester,E02004643,Gloucester 008,South West,E12000009,25,1,1,33,Red,4,27,Red,4,1,1,25,Red,4,17,Orange,3
196,22359,E01022295,Gloucester 003A,E07000081,Gloucester,E02004638,Gloucester 003,South West,E12000009,22,3,2,25,Red,4,19,Orange,3,2,3,22,Red,4,14,Orange,3
197,22360,E01022296,Gloucester 003B,E07000081,Gloucester,E02004638,Gloucester 003,South West,E12000009,19,0,0,33,Red,4,27,Red,4,0,0,19,Red,4,11,Yellow,2
198,22361,E01022297,Gloucester 003C,E07000081,Gloucester,E02004638,Gloucester 003,South West,E12000009,15,1,1,20,Orange,3,14,Yellow,2,1,1,15,Yellow,2,7,Yellow,2
199,22362,E01022298,Gloucester 003D,E07000081,Gloucester,E02004638,Gloucester 003,South West,E12000009,13,0,0,24,Orange,3,18,Orange,3,0,0,13,Yellow,2,5,Green,1
200,22363,E01022299,Gloucester 013A,E07000081,Gloucester,E02004648,Gloucester 013,South West,E12000009,19,3,2,25,Red,4,19,Orange,3,2,3,19,Red,4,11,Yellow,2
201,22364,E01022300,Gloucester 013B,E07000081,Gloucester,E02004648,Gloucester 013,South West,E12000009,21,2,2,25,Red,4,19,Orange,3,2,2,21,Red,4,13,Orange,3
202,22365,E01022301,Gloucester 013C,E07000081,Gloucester,E02004648,Gloucester 013,South West,E12000009,23,3,2,37,Red,4,31,Red,4,2,3,23,Red,4,15,Orange,3
203,22366,E01022302,Gloucester 013D,E07000081,Gloucester,E02004648,Gloucester 013,South West,E12000009,17,2,2,27,Red,4,21,Orange,3,2,2,17,Orange,3,9,Yellow,2
204,22367,E01022303,Gloucester 006B,E07000081,Gloucester,E02004641,Gloucester 006,South West,E12000009,21,2,2,33,Red,4,27,Red,4,2,2,21,Red,4,13,Orange,3
205,22368,E01022304,Gloucester 006C,E07000081,Gloucester,E02004641,Gloucester 006,South West,E12000009,18,2,2,22,Orange,3,16,Orange,3,2,2,18,Orange,3,10,Yellow,2
206,22369,E01022305,Gloucester 006D,E07000081,Gloucester,E02004641,Gloucester 006,South West,E12000009,16,2,1,17,Yellow,2,11,Yellow,2,1,2,16,Orange,3,8,Yellow,2
207,22370,E01022306,Gloucester 010E,E07000081,Gloucester,E02004645,Gloucester 010,South West,E12000009,16,1,0,18,Yellow,2,12,Yellow,2,0,1,16,Orange,3,8,Yellow,2
208,22371,E01022307,Gloucester 010F,E07000081,Gloucester,E02004645,Gloucester 010,South West,E12000009,10,0,0,19,Yellow,2,13,Yellow,2,0,0,10,Green,1,2,Green,1
209,22372,E01022308,Gloucester 006E,E07000081,Gloucester,E02004641,Gloucester 006,South West,E12000009,18,2,2,21,Orange,3,15,Orange,3,2,2,18,Orange,3,10,Yellow,2
210,22373,E01022309,Gloucester 002A,E07000081,Gloucester,E02004637,Gloucester 002,South West,E12000009,19,0,0,27,Red,4,21,Orange,3,0,0,19,Red,4,11,Yellow,2
211,22374,E01022310,Gloucester 002B,E07000081,Gloucester,E02004637,Gloucester 002,South West,E12000009,21,3,2,31,Red,4,25,Red,4,2,3,21,Red,4,13,Orange,3
212,22375,E01022311,Gloucester 002C,E07000081,Gloucester,E02004637,Gloucester 002,South West,E12000009,24,2,2,31,Red,4,25,Red,4,2,2,24,Red,4,16,Orange,3
213,22376,E01022312,Gloucester 002D,E07000081,Gloucester,E02004637,Gloucester 002,South West,E12000009,16,1,1,24,Orange,3,18,Orange,3,1,1,16,Orange,3,8,Yellow,2
214,22377,E01022313,Gloucester 001A,E07000081,Gloucester,E02004636,Gloucester 001,South West,E12000009,15,0,0,20,Orange,3,14,Yellow,2,0,0,15,Yellow,2,7,Yellow,2
215,22378,E01022314,Gloucester 002E,E07000081,Gloucester,E02004637,Gloucester 002,South West,E12000009,17,1,1,21,Orange,3,15,Orange,3,1,1,17,Orange,3,9,Yellow,2
216,22379,E01022315,Gloucester 001B,E07000081,Gloucester,E02004636,Gloucester 001,South West,E12000009,13,1,1,20,Orange,3,14,Yellow,2,1,1,13,Yellow,2,5,Green,1
217,22380,E01022316,Gloucester 001C,E07000081,Gloucester,E02004636,Gloucester 001,South West,E12000009,15,2,0,18,Yellow,2,12,Yellow,2,0,2,15,Yellow,2,7,Yellow,2
218,22381,E01022317,Gloucester 001D,E07000081,Gloucester,E02004636,Gloucester 001,South West,E12000009,14,1,1,19,Yellow,2,13,Yellow,2,1,1,14,Yellow,2,6,Green,1
219,22382,E01022318,Gloucester 001E,E07000081,Gloucester,E02004636,Gloucester 001,South West,E12000009,12,1,1,17,Yellow,2,11,Yellow,2,1,1,12,Green,1,4,Green,1
220,22383,E01022319,Gloucester 011A,E07000081,Gloucester,E02004646,Gloucester 011,South West,E12000009,29,1,1,34,Red,4,28,Red,4,1,1,29,Red,4,21,Red,4
221,22384,E01022320,Gloucester 011B,E07000081,Gloucester,E02004646,Gloucester 011,South West,E12000009,22,1,1,34,Red,4,28,Red,4,1,1,22,Red,4,14,Orange,3
222,22385,E01022321,Gloucester 011C,E07000081,Gloucester,E02004646,Gloucester 011,South West,E12000009,17,2,1,30,Red,4,24,Red,4,1,2,17,Orange,3,9,Yellow,2
223,22386,E01022322,Gloucester 011D,E07000081,Gloucester,E02004646,Gloucester 011,South West,E12000009,26,2,2,37,Red,4,31,Red,4,2,2,26,Red,4,18,Orange,3
224,22387,E01022323,Gloucester 008C,E07000081,Gloucester,E02004643,Gloucester 008,South West,E12000009,28,1,1,35,Red,4,29,Red,4,1,1,28,Red,4,20,Red,4
225,22388,E01022324,Gloucester 011E,E07000081,Gloucester,E02004646,Gloucester 011,South West,E12000009,27,1,1,34,Red,4,28,Red,4,1,1,27,Red,4,19,Red,4
226,22389,E01022325,Gloucester 011F,E07000081,Gloucester,E02004646,Gloucester 011,South West,E12000009,24,2,2,34,Red,4,28,Red,4,2,2,24,Red,4,16,Orange,3
227,22390,E01022326,Gloucester 009A,E07000081,Gloucester,E02004644,Gloucester 009,South West,E12000009,24,0,0,32,Red,4,26,Red,4,0,0,24,Red,4,16,Orange,3
228,22391,E01022327,Gloucester 009B,E07000081,Gloucester,E02004644,Gloucester 009,South West,E12000009,13,0,0,31,Red,4,25,Red,4,0,0,13,Yellow,2,5,Green,1
229,22392,E01022328,Gloucester 008D,E07000081,Gloucester,E02004643,Gloucester 008,South West,E12000009,27,1,1,35,Red,4,29,Red,4,1,1,27,Red,4,19,Red,4
230,22393,E01022329,Gloucester 008E,E07000081,Gloucester,E02004643,Gloucester 008,South West,E12000009,26,1,1,34,Red,4,28,Red,4,1,1,26,Red,4,18,Orange,3
231,22394,E01022330,Gloucester 009C,E07000081,Gloucester,E02004644,Gloucester 009,South West,E12000009,15,0,0,29,Red,4,23,Orange,3,0,0,15,Orange,3,7,Yellow,2
232,22395,E01022331,Gloucester 009D,E07000081,Gloucester,E02004644,Gloucester 009,South West,E12000009,23,1,1,35,Red,4,29,Red,4,1,1,23,Red,4,15,Orange,3
233,22396,E01022332,Gloucester 004A,E07000081,Gloucester,E02004639,Gloucester 004,South West,E12000009,21,1,1,32,Red,4,26,Red,4,1,1,21,Red,4,13,Orange,3
234,22397,E01022333,Gloucester 009E,E07000081,Gloucester,E02004644,Gloucester 009,South West,E12000009,30,1,1,37,Red,4,31,Red,4,1,1,30,Red,4,22,Red,4
235,22398,E01022334,Gloucester 009F,E07000081,Gloucester,E02004644,Gloucester 009,South West,E12000009,19,2,2,30,Red,4,24,Red,4,2,2,19,Red,4,11,Yellow,2
236,22399,E01022335,Gloucester 015A,E07000081,Gloucester,E02004650,Gloucester 015,South West,E12000009,15,0,0,17,Yellow,2,11,Yellow,2,0,0,15,Yellow,2,7,Yellow,2
237,22400,E01022336,Gloucester 015B,E07000081,Gloucester,E02004650,Gloucester 015,South West,E12000009,15,1,1,21,Orange,3,15,Orange,3,1,1,15,Yellow,2,7,Yellow,2
238,22401,E01022338,Gloucester 015D,E07000081,Gloucester,E02004650,Gloucester 015,South West,E12000009,18,0,0,28,Red,4,22,Orange,3,0,0,18,Orange,3,10,Yellow,2
239,22402,E01022339,Gloucester 014A,E07000081,Gloucester,E02004649,Gloucester 014,South West,E12000009,10,0,0,20,Orange,3,14,Yellow,2,0,0,10,Green,1,2,Green,1
240,22403,E01022340,Gloucester 014B,E07000081,Gloucester,E02004649,Gloucester 014,South West,E12000009,15,0,0,23,Orange,3,17,Orange,3,0,0,15,Yellow,2,7,Yellow,2
241,22404,E01022341,Gloucester 014C,E07000081,Gloucester,E02004649,Gloucester 014,South West,E12000009,13,1,1,23,Orange,3,17,Orange,3,1,1,13,Yellow,2,5,Green,1
242,22405,E01022342,Gloucester 014D,E07000081,Gloucester,E02004649,Gloucester 014,South West,E12000009,13,0,0,18,Yellow,2,12,Yellow,2,0,0,13,Yellow,2,5,Green,1
243,22406,E01022343,Gloucester 012A,E07000081,Gloucester,E02004647,Gloucester 012,South West,E12000009,18,2,2,18,Yellow,2,12,Yellow,2,2,2,18,Orange,3,10,Yellow,2
244,22407,E01022344,Gloucester 012B,E07000081,Gloucester,E02004647,Gloucester 012,South West,E12000009,19,2,2,32,Red,4,26,Red,4,2,2,19,Red,4,11,Yellow,2
245,22408,E01022345,Gloucester 012C,E07000081,Gloucester,E02004647,Gloucester 012,South West,E12000009,17,2,2,25,Red,4,19,Orange,3,2,2,17,Orange,3,9,Yellow,2
246,22409,E01022346,Gloucester 012D,E07000081,Gloucester,E02004647,Gloucester 012,South West,E12000009,25,1,1,37,Red,4,31,Red,4,1,1,25,Red,4,17,Orange,3
247,22410,E01022347,Gloucester 004B,E07000081,Gloucester,E02004639,Gloucester 004,South West,E12000009,22,2,1,26,Red,4,20,Orange,3,1,2,22,Red,4,14,Orange,3
248,22411,E01022348,Gloucester 004C,E07000081,Gloucester,E02004639,Gloucester 004,South West,E12000009,17,3,0,29,Red,4,23,Orange,3,0,3,17,Orange,3,9,Yellow,2
249,22412,E01022350,Stroud 010A,E07000082,Stroud,E02004660,Stroud 010,South West,E12000009,15,0,0,22,Orange,3,16,Orange,3,0,0,15,Yellow,2,7,Yellow,2
250,22413,E01022351,Stroud 012A,E07000082,Stroud,E02004662,Stroud 012,South West,E12000009,20,2,2,25,Red,4,19,Orange,3,2,2,20,Red,4,12,Yellow,2
251,22414,E01022352,Stroud 012B,E07000082,Stroud,E02004662,Stroud 012,South West,E12000009,22,2,2,26,Red,4,20,Orange,3,2,2,22,Red,4,14,Orange,3
252,22415,E01022353,Stroud 012C,E07000082,Stroud,E02004662,Stroud 012,South West,E12000009,15,2,2,20,Orange,3,14,Yellow,2,2,2,15,Yellow,2,7,Yellow,2
253,22416,E01022354,Stroud 002A,E07000082,Stroud,E02004652,Stroud 002,South West,E12000009,13,1,1,18,Yellow,2,12,Yellow,2,1,1,13,Yellow,2,5,Green,1
254,22417,E01022355,Stroud 004A,E07000082,Stroud,E02004654,Stroud 004,South West,E12000009,21,1,1,21,Orange,3,15,Orange,3,1,1,21,Red,4,13,Orange,3
255,22418,E01022356,Stroud 004B,E07000082,Stroud,E02004654,Stroud 004,South West,E12000009,17,1,1,14,Green,1,8,Yellow,2,1,1,17,Orange,3,9,Yellow,2
256,22419,E01022357,Stroud 004C,E07000082,Stroud,E02004654,Stroud 004,South West,E12000009,14,1,1,23,Orange,3,17,Orange,3,1,1,14,Yellow,2,6,Green,1
257,22420,E01022358,Stroud 004D,E07000082,Stroud,E02004654,Stroud 004,South West,E12000009,28,2,2,28,Red,4,22,Orange,3,2,2,28,Red,4,20,Red,4
258,22421,E01022359,Stroud 011A,E07000082,Stroud,E02004661,Stroud 011,South West,E12000009,15,0,0,15,Green,1,9,Yellow,2,0,0,15,Yellow,2,7,Yellow,2
259,22422,E01022360,Stroud 011B,E07000082,Stroud,E02004661,Stroud 011,South West,E12000009,15,0,0,15,Green,1,9,Yellow,2,0,0,15,Yellow,2,7,Yellow,2
260,22423,E01022361,Stroud 011C,E07000082,Stroud,E02004661,Stroud 011,South West,E12000009,17,2,2,27,Red,4,21,Orange,3,2,2,17,Orange,3,9,Yellow,2
261,22424,E01022362,Stroud 011D,E07000082,Stroud,E02004661,Stroud 011,South West,E12000009,15,2,2,20,Orange,3,14,Yellow,2,2,2,15,Yellow,2,7,Yellow,2
262,22425,E01022363,Stroud 011E,E07000082,Stroud,E02004661,Stroud 011,South West,E12000009,15,1,1,18,Yellow,2,12,Yellow,2,1,1,15,Yellow,2,7,Yellow,2
263,22426,E01022364,Stroud 011F,E07000082,Stroud,E02004661,Stroud 011,South West,E12000009,20,2,2,31,Red,4,25,Red,4,2,2,20,Red,4,12,Yellow,2
264,22427,E01022365,Stroud 006A,E07000082,Stroud,E02004656,Stroud 006,South West,E12000009,15,2,2,19,Yellow,2,13,Yellow,2,2,2,15,Yellow,2,7,Yellow,2
265,22428,E01022366,Stroud 008A,E07000082,Stroud,E02004658,Stroud 008,South West,E12000009,15,1,1,16,Yellow,2,10,Yellow,2,1,1,15,Yellow,2,7,Yellow,2
266,22429,E01022367,Stroud 008B,E07000082,Stroud,E02004658,Stroud 008,South West,E12000009,16,1,1,19,Yellow,2,13,Yellow,2,1,1,16,Orange,3,8,Yellow,2
267,22430,E01022368,Stroud 008C,E07000082,Stroud,E02004658,Stroud 008,South West,E12000009,14,1,1,19,Yellow,2,13,Yellow,2,1,1,14,Yellow,2,6,Green,1
268,22431,E01022369,Stroud 008D,E07000082,Stroud,E02004658,Stroud 008,South West,E12000009,18,0,0,22,Orange,3,16,Orange,3,0,0,18,Orange,3,10,Yellow,2
269,22432,E01022370,Stroud 009A,E07000082,Stroud,E02004659,Stroud 009,South West,E12000009,17,1,1,21,Orange,3,15,Orange,3,1,1,17,Orange,3,9,Yellow,2
270,22433,E01022371,Stroud 009B,E07000082,Stroud,E02004659,Stroud 009,South West,E12000009,18,2,1,19,Orange,3,13,Yellow,2,1,2,18,Orange,3,10,Yellow,2
271,22434,E01022372,Stroud 014A,E07000082,Stroud,E02004664,Stroud 014,South West,E12000009,16,1,1,16,Yellow,2,10,Yellow,2,1,1,16,Orange,3,8,Yellow,2
272,22435,E01022373,Stroud 014B,E07000082,Stroud,E02004664,Stroud 014,South West,E12000009,15,0,0,15,Green,1,9,Yellow,2,0,0,15,Yellow,2,7,Yellow,2
273,22436,E01022374,Stroud 014C,E07000082,Stroud,E02004664,Stroud 014,South West,E12000009,17,2,2,17,Yellow,2,11,Yellow,2,2,2,17,Orange,3,9,Yellow,2
274,22437,E01022375,Stroud 014D,E07000082,Stroud,E02004664,Stroud 014,South West,E12000009,19,0,0,25,Red,4,19,Orange,3,0,0,19,Red,4,11,Yellow,2
275,22438,E01022376,Stroud 003A,E07000082,Stroud,E02004653,Stroud 003,South West,E12000009,12,3,2,21,Orange,3,15,Orange,3,2,3,12,Green,1,4,Green,1
276,22439,E01022377,Stroud 004E,E07000082,Stroud,E02004654,Stroud 004,South West,E12000009,18,2,2,22,Orange,3,16,Orange,3,2,2,18,Orange,3,10,Yellow,2
277,22440,E01022378,Stroud 001A,E07000082,Stroud,E02004651,Stroud 001,South West,E12000009,11,2,1,17,Yellow,2,11,Yellow,2,1,2,11,Green,1,3,Green,1
278,22441,E01022379,Stroud 001B,E07000082,Stroud,E02004651,Stroud 001,South West,E12000009,17,2,2,25,Red,4,19,Orange,3,2,2,17,Orange,3,9,Yellow,2
279,22442,E01022380,Stroud 001C,E07000082,Stroud,E02004651,Stroud 001,South West,E12000009,15,2,1,24,Orange,3,18,Orange,3,1,2,15,Orange,3,7,Yellow,2
280,22443,E01022381,Stroud 015A,E07000082,Stroud,E02004665,Stroud 015,South West,E12000009,13,0,0,20,Orange,3,14,Yellow,2,0,0,13,Yellow,2,5,Green,1
281,22444,E01022382,Stroud 010B,E07000082,Stroud,E02004660,Stroud 010,South West,E12000009,13,0,0,14,Green,1,8,Yellow,2,0,0,13,Green,1,5,Green,1
282,22445,E01022383,Stroud 010C,E07000082,Stroud,E02004660,Stroud 010,South West,E12000009,15,2,2,27,Red,4,21,Orange,3,2,2,15,Orange,3,7,Yellow,2
283,22446,E01022384,Stroud 010D,E07000082,Stroud,E02004660,Stroud 010,South West,E12000009,19,2,2,12,Green,1,6,Green,1,2,2,19,Orange,3,11,Yellow,2
284,22447,E01022385,Stroud 013A,E07000082,Stroud,E02004663,Stroud 013,South West,E12000009,10,1,1,22,Orange,3,16,Orange,3,1,1,10,Green,1,2,Green,1
285,22448,E01022386,Stroud 013B,E07000082,Stroud,E02004663,Stroud 013,South West,E12000009,14,1,1,19,Orange,3,13,Yellow,2,1,1,14,Yellow,2,6,Green,1
286,22449,E01022387,Stroud 013C,E07000082,Stroud,E02004663,Stroud 013,South West,E12000009,11,1,1,17,Yellow,2,11,Yellow,2,1,1,11,Green,1,3,Green,1
287,22450,E01022388,Stroud 013D,E07000082,Stroud,E02004663,Stroud 013,South West,E12000009,16,0,0,13,Green,1,7,Green,1,0,0,16,Orange,3,8,Yellow,2
288,22451,E01022389,Stroud 004F,E07000082,Stroud,E02004654,Stroud 004,South West,E12000009,12,1,1,19,Orange,3,13,Yellow,2,1,1,12,Green,1,4,Green,1
289,22452,E01022390,Stroud 002B,E07000082,Stroud,E02004652,Stroud 002,South West,E12000009,15,2,2,20,Orange,3,14,Yellow,2,2,2,15,Yellow,2,7,Yellow,2
290,22453,E01022391,Stroud 002C,E07000082,Stroud,E02004652,Stroud 002,South West,E12000009,17,0,0,16,Yellow,2,10,Yellow,2,0,0,17,Orange,3,9,Yellow,2
291,22454,E01022392,Stroud 002D,E07000082,Stroud,E02004652,Stroud 002,South West,E12000009,15,1,1,17,Yellow,2,11,Yellow,2,1,1,15,Yellow,2,7,Yellow,2
292,22455,E01022393,Stroud 007A,E07000082,Stroud,E02004657,Stroud 007,South West,E12000009,17,0,0,20,Orange,3,14,Yellow,2,0,0,17,Orange,3,9,Yellow,2
293,22456,E01022394,Stroud 007B,E07000082,Stroud,E02004657,Stroud 007,South West,E12000009,15,1,1,22,Orange,3,16,Orange,3,1,1,15,Yellow,2,7,Yellow,2
294,22457,E01022395,Stroud 007C,E07000082,Stroud,E02004657,Stroud 007,South West,E12000009,14,0,0,16,Yellow,2,10,Yellow,2,0,0,14,Yellow,2,6,Green,1
295,22458,E01022396,Stroud 003B,E07000082,Stroud,E02004653,Stroud 003,South West,E12000009,15,2,0,17,Yellow,2,11,Yellow,2,0,2,15,Yellow,2,7,Yellow,2
296,22459,E01022397,Stroud 003C,E07000082,Stroud,E02004653,Stroud 003,South West,E12000009,20,5,1,16,Yellow,2,10,Yellow,2,1,5,20,Red,4,12,Yellow,2
297,22460,E01022398,Stroud 003D,E07000082,Stroud,E02004653,Stroud 003,South West,E12000009,16,2,0,13,Green,1,7,Green,1,0,2,16,Orange,3,8,Yellow,2
298,22461,E01022399,Stroud 006B,E07000082,Stroud,E02004656,Stroud 006,South West,E12000009,20,2,2,18,Yellow,2,12,Yellow,2,2,2,20,Red,4,12,Yellow,2
299,22462,E01022400,Stroud 005A,E07000082,Stroud,E02004655,Stroud 005,South West,E12000009,18,2,2,17,Yellow,2,11,Yellow,2,2,2,18,Orange,3,10,Yellow,2
300,22463,E01022401,Stroud 005B,E07000082,Stroud,E02004655,Stroud 005,South West,E12000009,18,2,2,19,Orange,3,13,Yellow,2,2,2,18,Orange,3,10,Yellow,2
301,22464,E01022402,Stroud 005C,E07000082,Stroud,E02004655,Stroud 005,South West,E12000009,15,1,1,16,Yellow,2,10,Yellow,2,1,1,15,Yellow,2,7,Yellow,2
302,22465,E01022403,Stroud 005D,E07000082,Stroud,E02004655,Stroud 005,South West,E12000009,20,1,1,26,Red,4,20,Orange,3,1,1,20,Red,4,12,Yellow,2
303,22466,E01022404,Stroud 005E,E07000082,Stroud,E02004655,Stroud 005,South West,E12000009,13,1,1,15,Yellow,2,9,Yellow,2,1,1,13,Yellow,2,5,Green,1
304,22467,E01022405,Stroud 009C,E07000082,Stroud,E02004659,Stroud 009,South West,E12000009,16,2,2,30,Red,4,24,Red,4,2,2,16,Orange,3,8,Yellow,2
305,22468,E01022406,Stroud 009D,E07000082,Stroud,E02004659,Stroud 009,South West,E12000009,14,1,1,22,Orange,3,16,Orange,3,1,1,14,Yellow,2,6,Green,1
306,22469,E01022407,Stroud 009E,E07000082,Stroud,E02004659,Stroud 009,South West,E12000009,17,1,1,28,Red,4,22,Orange,3,1,1,17,Orange,3,9,Yellow,2
307,22470,E01022408,Stroud 007D,E07000082,Stroud,E02004657,Stroud 007,South West,E12000009,13,0,0,21,Orange,3,15,Orange,3,0,0,13,Yellow,2,5,Green,1
308,22471,E01022409,Stroud 007E,E07000082,Stroud,E02004657,Stroud 007,South West,E12000009,17,1,1,23,Orange,3,17,Orange,3,1,1,17,Orange,3,9,Yellow,2
309,22472,E01022410,Stroud 006C,E07000082,Stroud,E02004656,Stroud 006,South West,E12000009,21,0,0,22,Orange,3,16,Orange,3,0,0,21,Red,4,13,Orange,3
310,22473,E01022411,Stroud 006D,E07000082,Stroud,E02004656,Stroud 006,South West,E12000009,15,2,2,19,Orange,3,13,Yellow,2,2,2,15,Yellow,2,7,Yellow,2
311,22474,E01022412,Stroud 001D,E07000082,Stroud,E02004651,Stroud 001,South West,E12000009,15,1,1,20,Orange,3,14,Yellow,2,1,1,15,Yellow,2,7,Yellow,2
312,22475,E01022413,Stroud 012D,E07000082,Stroud,E02004662,Stroud 012,South West,E12000009,14,2,1,19,Orange,3,13,Yellow,2,1,2,14,Yellow,2,6,Green,1
313,22476,E01022414,Stroud 006E,E07000082,Stroud,E02004656,Stroud 006,South West,E12000009,12,3,2,16,Yellow,2,10,Yellow,2,2,3,12,Green,1,4,Green,1
314,22477,E01022415,Stroud 015B,E07000082,Stroud,E02004665,Stroud 015,South West,E12000009,10,1,1,17,Yellow,2,11,Yellow,2,1,1,10,Green,1,2,Green,1
315,22478,E01022416,Stroud 015C,E07000082,Stroud,E02004665,Stroud 015,South West,E12000009,15,2,2,24,Orange,3,18,Orange,3,2,2,15,Orange,3,7,Yellow,2
316,22479,E01022417,Stroud 015D,E07000082,Stroud,E02004665,Stroud 015,South West,E12000009,15,1,1,15,Yellow,2,9,Yellow,2,1,1,15,Yellow,2,7,Yellow,2
317,22480,E01022418,Stroud 015E,E07000082,Stroud,E02004665,Stroud 015,South West,E12000009,12,2,2,21,Orange,3,15,Orange,3,2,2,12,Green,1,4,Green,1
318,22481,E01022420,Tewkesbury 008A,E07000083,Tewkesbury,E02004673,Tewkesbury 008,South West,E12000009,17,3,2,16,Yellow,2,10,Yellow,2,2,3,17,Orange,3,9,Yellow,2
319,22482,E01022421,Tewkesbury 009A,E07000083,Tewkesbury,E02004674,Tewkesbury 009,South West,E12000009,18,2,2,23,Orange,3,17,Orange,3,2,2,18,Orange,3,10,Yellow,2
320,22483,E01022422,Tewkesbury 009B,E07000083,Tewkesbury,E02004674,Tewkesbury 009,South West,E12000009,14,0,0,13,Green,1,7,Green,1,0,0,14,Yellow,2,6,Green,1
321,22484,E01022423,Tewkesbury 009C,E07000083,Tewkesbury,E02004674,Tewkesbury 009,South West,E12000009,17,2,2,18,Yellow,2,12,Yellow,2,2,2,17,Orange,3,9,Yellow,2
322,22485,E01022424,Tewkesbury 009D,E07000083,Tewkesbury,E02004674,Tewkesbury 009,South West,E12000009,18,2,2,21,Orange,3,15,Orange,3,2,2,18,Orange,3,10,Yellow,2
323,22486,E01022425,Tewkesbury 007A,E07000083,Tewkesbury,E02004672,Tewkesbury 007,South West,E12000009,15,1,0,11,Green,1,5,Green,1,0,1,15,Yellow,2,7,Green,1
324,22487,E01022426,Tewkesbury 007B,E07000083,Tewkesbury,E02004672,Tewkesbury 007,South West,E12000009,16,3,2,16,Yellow,2,10,Yellow,2,2,3,16,Orange,3,8,Yellow,2
325,22488,E01022427,Tewkesbury 007C,E07000083,Tewkesbury,E02004672,Tewkesbury 007,South West,E12000009,14,2,1,23,Orange,3,17,Orange,3,1,2,14,Yellow,2,6,Green,1
326,22489,E01022428,Tewkesbury 007D,E07000083,Tewkesbury,E02004672,Tewkesbury 007,South West,E12000009,14,3,2,20,Orange,3,14,Yellow,2,2,3,14,Yellow,2,6,Green,1
327,22490,E01022429,Tewkesbury 007E,E07000083,Tewkesbury,E02004672,Tewkesbury 007,South West,E12000009,15,2,1,14,Green,1,8,Yellow,2,1,2,15,Yellow,2,7,Yellow,2
328,22491,E01022430,Tewkesbury 007F,E07000083,Tewkesbury,E02004672,Tewkesbury 007,South West,E12000009,14,2,1,20,Orange,3,14,Yellow,2,1,2,14,Yellow,2,6,Green,1
329,22492,E01022431,Tewkesbury 007G,E07000083,Tewkesbury,E02004672,Tewkesbury 007,South West,E12000009,10,2,1,14,Green,1,8,Yellow,2,1,2,10,Green,1,2,Green,1
330,22493,E01022432,Tewkesbury 005A,E07000083,Tewkesbury,E02004670,Tewkesbury 005,South West,E12000009,13,1,1,15,Yellow,2,9,Yellow,2,1,1,13,Yellow,2,5,Green,1
331,22494,E01022433,Tewkesbury 005B,E07000083,Tewkesbury,E02004670,Tewkesbury 005,South West,E12000009,13,0,0,11,Green,1,5,Green,1,0,0,13,Green,1,5,Green,1
332,22495,E01022434,Tewkesbury 004A,E07000083,Tewkesbury,E02004669,Tewkesbury 004,South West,E12000009,18,1,1,21,Orange,3,15,Orange,3,1,1,18,Orange,3,10,Yellow,2
333,22496,E01022435,Tewkesbury 005C,E07000083,Tewkesbury,E02004670,Tewkesbury 005,South West,E12000009,17,2,2,20,Orange,3,14,Yellow,2,2,2,17,Orange,3,9,Yellow,2
334,22497,E01022436,Tewkesbury 005D,E07000083,Tewkesbury,E02004670,Tewkesbury 005,South West,E12000009,14,1,1,17,Yellow,2,11,Yellow,2,1,1,14,Yellow,2,6,Green,1
335,22498,E01022437,Tewkesbury 005E,E07000083,Tewkesbury,E02004670,Tewkesbury 005,South West,E12000009,14,2,2,13,Green,1,7,Green,1,2,2,14,Yellow,2,6,Green,1
336,22499,E01022438,Tewkesbury 005F,E07000083,Tewkesbury,E02004670,Tewkesbury 005,South West,E12000009,13,1,1,14,Green,1,8,Yellow,2,1,1,13,Green,1,5,Green,1
337,22500,E01022439,Tewkesbury 005G,E07000083,Tewkesbury,E02004670,Tewkesbury 005,South West,E12000009,16,1,1,14,Green,1,8,Yellow,2,1,1,16,Orange,3,8,Yellow,2
338,22501,E01022440,Tewkesbury 006A,E07000083,Tewkesbury,E02004671,Tewkesbury 006,South West,E12000009,16,3,1,18,Yellow,2,12,Yellow,2,1,3,16,Orange,3,8,Yellow,2
339,22502,E01022441,Tewkesbury 004B,E07000083,Tewkesbury,E02004669,Tewkesbury 004,South West,E12000009,13,2,0,20,Orange,3,14,Yellow,2,0,2,13,Yellow,2,5,Green,1
340,22503,E01022442,Tewkesbury 006B,E07000083,Tewkesbury,E02004671,Tewkesbury 006,South West,E12000009,15,2,1,14,Green,1,8,Yellow,2,1,2,15,Yellow,2,7,Yellow,2
341,22504,E01022443,Tewkesbury 006C,E07000083,Tewkesbury,E02004671,Tewkesbury 006,South West,E12000009,13,2,1,18,Yellow,2,12,Yellow,2,1,2,13,Yellow,2,5,Green,1
342,22505,E01022444,Tewkesbury 006D,E07000083,Tewkesbury,E02004671,Tewkesbury 006,South West,E12000009,20,2,1,15,Yellow,2,9,Yellow,2,1,2,20,Red,4,12,Yellow,2
343,22506,E01022445,Tewkesbury 004C,E07000083,Tewkesbury,E02004669,Tewkesbury 004,South West,E12000009,14,1,0,16,Yellow,2,10,Yellow,2,0,1,14,Yellow,2,6,Green,1
344,22507,E01022446,Tewkesbury 009E,E07000083,Tewkesbury,E02004674,Tewkesbury 009,South West,E12000009,13,0,0,17,Yellow,2,11,Yellow,2,0,0,13,Yellow,2,5,Green,1
345,22508,E01022447,Tewkesbury 007H,E07000083,Tewkesbury,E02004672,Tewkesbury 007,South West,E12000009,13,2,1,16,Yellow,2,10,Yellow,2,1,2,13,Yellow,2,5,Green,1
346,22509,E01022448,Tewkesbury 008B,E07000083,Tewkesbury,E02004673,Tewkesbury 008,South West,E12000009,20,3,2,16,Yellow,2,10,Yellow,2,2,3,20,Red,4,12,Yellow,2
347,22510,E01022449,Tewkesbury 003A,E07000083,Tewkesbury,E02004668,Tewkesbury 003,South West,E12000009,12,1,1,15,Yellow,2,9,Yellow,2,1,1,12,Green,1,4,Green,1
348,22511,E01022450,Tewkesbury 001B,E07000083,Tewkesbury,E02004666,Tewkesbury 001,South West,E12000009,16,1,1,24,Orange,3,18,Orange,3,1,1,16,Orange,3,8,Yellow,2
349,22512,E01022451,Tewkesbury 001C,E07000083,Tewkesbury,E02004666,Tewkesbury 001,South West,E12000009,21,1,1,12,Green,1,6,Green,1,1,1,21,Red,4,13,Orange,3
350,22513,E01022452,Tewkesbury 001D,E07000083,Tewkesbury,E02004666,Tewkesbury 001,South West,E12000009,18,0,0,13,Green,1,7,Green,1,0,0,18,Orange,3,10,Yellow,2
351,22514,E01022453,Tewkesbury 004D,E07000083,Tewkesbury,E02004669,Tewkesbury 004,South West,E12000009,17,2,2,19,Orange,3,13,Yellow,2,2,2,17,Orange,3,9,Yellow,2
352,22515,E01022454,Tewkesbury 008C,E07000083,Tewkesbury,E02004673,Tewkesbury 008,South West,E12000009,21,2,2,26,Red,4,20,Orange,3,2,2,21,Red,4,13,Orange,3
353,22516,E01022455,Tewkesbury 001E,E07000083,Tewkesbury,E02004666,Tewkesbury 001,South West,E12000009,16,1,1,9,Green,1,3,Green,1,1,1,16,Orange,3,8,Yellow,2
354,22517,E01022456,Tewkesbury 002A,E07000083,Tewkesbury,E02004667,Tewkesbury 002,South West,E12000009,14,2,1,21,Orange,3,15,Orange,3,1,2,14,Yellow,2,6,Green,1
355,22518,E01022457,Tewkesbury 002B,E07000083,Tewkesbury,E02004667,Tewkesbury 002,South West,E12000009,24,3,2,22,Orange,3,16,Orange,3,2,3,24,Red,4,16,Orange,3
356,22519,E01022458,Tewkesbury 002C,E07000083,Tewkesbury,E02004667,Tewkesbury 002,South West,E12000009,25,5,2,23,Orange,3,17,Orange,3,2,5,25,Red,4,17,Orange,3
357,22520,E01022459,Tewkesbury 002D,E07000083,Tewkesbury,E02004667,Tewkesbury 002,South West,E12000009,15,4,2,17,Yellow,2,11,Yellow,2,2,4,15,Yellow,2,7,Yellow,2
358,22521,E01022460,Tewkesbury 002E,E07000083,Tewkesbury,E02004667,Tewkesbury 002,South West,E12000009,14,3,2,22,Orange,3,16,Orange,3,2,3,14,Yellow,2,6,Green,1
359,22522,E01022461,Tewkesbury 002F,E07000083,Tewkesbury,E02004667,Tewkesbury 002,South West,E12000009,24,2,2,16,Yellow,2,10,Yellow,2,2,2,24,Red,4,16,Orange,3
360,22523,E01022462,Tewkesbury 002G,E07000083,Tewkesbury,E02004667,Tewkesbury 002,South West,E12000009,16,1,0,18,Yellow,2,12,Yellow,2,0,1,16,Orange,3,8,Yellow,2
361,22524,E01022463,Tewkesbury 003B,E07000083,Tewkesbury,E02004668,Tewkesbury 003,South West,E12000009,17,0,0,26,Red,4,20,Orange,3,0,0,17,Orange,3,9,Yellow,2
362,22525,E01022464,Tewkesbury 003C,E07000083,Tewkesbury,E02004668,Tewkesbury 003,South West,E12000009,19,1,1,27,Red,4,21,Orange,3,1,1,19,Red,4,11,Yellow,2
363,22526,E01022465,Tewkesbury 003D,E07000083,Tewkesbury,E02004668,Tewkesbury 003,South West,E12000009,16,0,0,17,Yellow,2,11,Yellow,2,0,0,16,Orange,3,8,Yellow,2
364,22527,E01022466,Tewkesbury 003E,E07000083,Tewkesbury,E02004668,Tewkesbury 003,South West,E12000009,20,0,0,18,Yellow,2,12,Yellow,2,0,0,20,Red,4,12,Yellow,2
365,32221,E01032932,Gloucester 004E,E07000081,Gloucester,E02004639,Gloucester 004,South West,E12000009,17,6,2,28,Red,4,22,Orange,3,2,6,17,Orange,3,9,Yellow,2
366,32222,E01032933,Gloucester 015E,E07000081,Gloucester,E02004650,Gloucester 015,South West,E12000009,24,1,1,23,Orange,3,17,Orange,3,1,1,24,Red,4,16,Orange,3
367,32223,E01032934,Gloucester 015F,E07000081,Gloucester,E02004650,Gloucester 015,South West,E12000009,17,2,2,15,Yellow,2,9,Yellow,2,2,2,17,Orange,3,9,Yellow,2
368,32224,E01032935,Gloucester 015G,E07000081,Gloucester,E02004650,Gloucester 015,South West,E12000009,15,1,1,24,Orange,3,18,Orange,3,1,1,15,Orange,3,7,Yellow,2
369,32225,E01032936,Gloucester 015H,E07000081,Gloucester,E02004650,Gloucester 015,South West,E12000009,13,1,1,23,Orange,3,17,Orange,3,1,1,13,Yellow,2,5,Green,1
370,32226,E01032937,Gloucester 004F,E07000081,Gloucester,E02004639,Gloucester 004,South West,E12000009,17,1,1,22,Orange,3,16,Orange,3,1,1,17,Orange,3,9,Yellow,2
371,32227,E01032938,Tewkesbury 001F,E07000083,Tewkesbury,E02004666,Tewkesbury 001,South West,E12000009,12,0,0,15,Yellow,2,9,Yellow,2,0,0,12,Green,1,4,Green,1
372,32228,E01032939,Tewkesbury 001G,E07000083,Tewkesbury,E02004666,Tewkesbury 001,South West,E12000009,13,3,0,19,Orange,3,13,Yellow,2,0,3,13,Yellow,2,5,Green,1
373,32229,E01032940,Tewkesbury 001H,E07000083,Tewkesbury,E02004666,Tewkesbury 001,South West,E12000009,11,1,0,15,Yellow,2,9,Yellow,2,0,1,11,Green,1,3,Green,1
